aben001,abenc,elhoudev,abenc,abenc,abenc
amart088,Anthony1234567,Anthony1234567,Anthony1234567,1234567Anthony,Anthony1234567
athio001,AndyThio,AndyThio,AndyThio,apthio,athio
ccali003,churslic,churslic,churslic,churslic,churslic
cfan002,plusEight,pingtothepong,pingtothepong,Pingtothepong,pingtothepong
cibar007,cibar007,Person11,Person11,Person0411,Person11
cyang032,cyang032,cyng,cyang032,cyng,cyng
dhand002,Fire3galaxy,Fire3galaxy,Fire3galaxy,Fire3SkyRise,Fire3galaxy
dshe001,Dongdongshe,shrekshe,Dongdongshe,Dongdongshe,Dongdongshe
eneva002,eneva002,eneva002,eneva002,eneva002,eneva002
hdorn001,hermance,hermance,hermance,hermance,hermance
ikim025,ikim025,iankimm,iankimm,iankimm,iankimm
jcand003,SpaceCowboy100,SpaceCowboy100,SpaceCowboy100,SpaceCowboy100,SpaceCowboy100
jduga002,jduga002,user3791260,DrizzitDudden,drizzitduddenbunnies,drizzitdudden
jfu006,jfu006,jessfu,jessfu,jessfu,jessfu
jkinc002,jkinc002,powerpuddin,powerpuddin,powerpuddin,powerpuddin
jlu019,jlu019,jlu019,kyuu333,kyuu333,kyuu333
jng017,jng017,jng017,jng017,jng017,jng017
jsun031,jsun031,JianyangSun,freeheart,freeofheart,freeheart
jwang096,jinhangwang,jinhangwang,jinhangwang,jinhangwang,jinhangwang
jweyr001,linuxmotion,linuxmotion,JohnWeyrauch,linuxmotion,linuxmotion
kkamg001,kavj,kav,kav,kavj,kavj
kkimb003,kkimb003,kkimb003,kkimb003,korbinkimball,kkimb003
ljomo001,goninety,GoNinety,go9_t,GoNinety,go9_t
makba002,admiralakbar,MohammadAkbar,mohammadakbar,tactical_moustache,mohammadakbar
mchu011,mchu011,MCHU,MurphyChu,MPCL011,MPCL09
mevan003,M-Evans,michael-evans,Maevans,M-Evans,M-Evans
mmore019,oribix,oribix,oribix,superplayah,oribix
monti004,monti004,m.ontiveros,m.ontiveros,m-ontiveros,monti004
muy003,MichaelUy627,MichaelLibresUy,EmperorAstronaut,996097,996097
nfarh002,NisreenFarhoud,NisreenFarhoud,NisreenFarhoud,NisreenFarhoud,NisreenFarhoud
rfeng001,MiaoXiao,MiaoXiao,MiaoXiao,Ricachu,MiaoXiao
rpasi001,svtanthony,SVTAnthony,SVTAnthony,D4ntes,SVTAnthony
ryama008,Origami-Killer,tomandjerry,TheFlyingCat,illwithskill,tomandjerry
santo003,antonvinod,antonvinod,antonvinod,antonvinod,antonvinod
sbala003,sbala003,sbala003,sbala003,sbala003,sbala003
scohe001,scohe001,http://stackoverflow.com/users/2602718/scohe001,chumponimys,chumponimys,chumponimys
skuo004,shinray,shinray,shirnay#nothatisnotatypo,shinray,shinray
slee208,shawnjzlee,shawnjzlee,shawnjzlee,shawnjzlee,shawnjzlee
tzick002,tristanzickovich,tristanzickovich,tristanzickovich,csstudentucr,csstudentucr
vchio001,valeriechiou,valerie-chiou,bobblyhead,bobblyhead,bobblyhead
vgarc018,vgarc018,vgarc018,vgarc018,vgarc018,vgarc018
vhall001,vhall415,vhall415,vhall415,vhall415,vhall415
wfink001,wfink001,Wolfgang.Finkbeiner,Hubbubble,Hubbabble,Hubbubble
wlee030,Wurmie,Wurmie,monkeynader,monkeynader,monkeynader
yli066,raveoli22,raveoli22,raveoli22,raveoli22,raveoli22
yliu075,yliu075,yliu075,yliu075,chittoman,yliu075
yliu127,Laviness,liuyuqi2020,liuyuqi2020,yliu127,yliu127

